{
  "G_loss": [
    17.02812413833848,
    14.225447756561202,
    16.482313992390083,
    12.613824730542436,
    14.926266277255724,
    16.26733003070007,
    15.840997211897193,
    14.159935987175409,
    14.878869605423818,
    15.03060997191386,
    13.223354719392018,
    14.67843561555872,
    15.589734666910603,
    14.764901102487766,
    14.74485084399506,
    13.037561903047802,
    13.956869642938202,
    15.826126192083311,
    16.261454639722356,
    16.10135447439836,
    16.021831028425513,
    16.224098103729325,
    16.222097483112584,
    16.551262448181458,
    14.976698079899927,
    14.754730171893709,
    14.805214611130143,
    16.087746184075897,
    17.263407323827696,
    18.584086106650194,
    19.011188962351735,
    19.695644493678106,
    18.15593594043099,
    18.10581317738672,
    16.059002737304073,
    17.331452360105274,
    17.705307823928756,
    18.337641854981083,
    14.974087096937938,
    15.279450253625612,
    16.43268757729075,
    16.779109279114998,
    18.19160826361958,
    17.328811643111646,
    18.608055723372416,
    18.58687707527199,
    17.718090346111126,
    18.4282227497005,
    18.9094952770214,
    18.54987140157115
  ],
  "D_loss": [
    0.17212687103878052,
    0.1230530643925754,
    0.0022385069084278866,
    0.28261487446222266,
    0.07861874446032414,
    0.0022007307218622893,
    0.0568753152640888,
    0.1131075865140971,
    0.04605385649483651,
    0.03269747820477781,
    0.16569968089727502,
    0.030675830598423333,
    0.037548112815756984,
    0.13093550639456938,
    0.0396433301056775,
    0.2730261612892746,
    0.11101848164776015,
    0.05232497259011275,
    0.03736544785788649,
    0.0662782257149865,
    0.02016960971851957,
    0.050598708600796384,
    0.04846849155151016,
    0.023241393290795463,
    0.046378071678922446,
    0.07072676277728798,
    0.04960339110534481,
    0.06663442507268695,
    0.06917801274492139,
    0.021419766351471883,
    0.05180423161504561,
    0.005162873326303293,
    0.05749693094970386,
    0.0021660189762970827,
    0.027508858062458386,
    0.019081248062919522,
    0.01123560400376494,
    0.005746677469911657,
    0.08375311683716036,
    0.038519268291437855,
    0.058131805730117225,
    0.09582560172160601,
    0.019205825834076713,
    0.04914055385264115,
    0.00541921877145193,
    0.036461428148470816,
    0.018082888547001887,
    0.015211037797539278,
    0.00791711456368469,
    0.03925805121450217
  ],
  "G_gan": [],
  "G_l1": [],
  "psnr": [
    18.573729850318646,
    20.662543022103314,
    21.88343711764066,
    21.587941475620266,
    22.09055158400907,
    21.422970045625213,
    22.455062259241977,
    21.746427418294836,
    20.719101905682145,
    21.5023070816612,
    21.66342461682869,
    21.317318215235087,
    21.211728485507514,
    21.50670932604477,
    20.09361918617747,
    22.015241630442297,
    22.40953410262528,
    23.60249938395513,
    22.610047202594274,
    22.5854758202644,
    23.790196758209404,
    23.439855350663358,
    23.793929123309077,
    23.31688147481008,
    20.575058093543902,
    20.78841397284176,
    22.106309398632504,
    21.071564571437598,
    23.67214445389938,
    24.529362865315306,
    24.43519975392309,
    23.802183588349184,
    23.818767249644015,
    24.939683409329255,
    21.957593187473826,
    23.683354639883714,
    23.731226392137014,
    22.912722683241043,
    21.83859913479106,
    22.57698187907723,
    23.42468282748685,
    23.76794678527889,
    24.051202386648914,
    23.886850934048326,
    22.757515785750787,
    24.0284342563886,
    25.644929394558563,
    24.130572314035096,
    24.128381825317593,
    24.577273892545836
  ],
  "ssim": [
    0.5898881345492953,
    0.7265819438506936,
    0.742968471677815,
    0.7808654495796677,
    0.7787809794535235,
    0.7619943704369683,
    0.7953947595238258,
    0.8134219349352364,
    0.8018777432708838,
    0.8054487028664035,
    0.8375224854085215,
    0.801940009325811,
    0.806762301516007,
    0.836151448199475,
    0.804290097514331,
    0.8417129958991852,
    0.847747850237606,
    0.8653922244134215,
    0.860768045906066,
    0.8660867078457277,
    0.8651252542669514,
    0.882530405221811,
    0.8732328284033699,
    0.8662381147855065,
    0.8098033847895593,
    0.8108440414224077,
    0.8280435598418213,
    0.8359288137315627,
    0.8559457312213279,
    0.8787723585740903,
    0.8691814961583528,
    0.8778349367090922,
    0.8736958261738096,
    0.8976296879210262,
    0.8648750079662634,
    0.8682637783142002,
    0.8718514719970191,
    0.8837666466487761,
    0.8510772234697651,
    0.8394328686363796,
    0.8475053973007517,
    0.856904902316996,
    0.8794825601166292,
    0.8747102755128292,
    0.8622405723405675,
    0.8787985340269767,
    0.902934899469664,
    0.8779537681662714,
    0.8800447754827145,
    0.8797003831998325
  ]
}